author_marina1,author_marina1bio1,library_marina
author_marina2,author_marina2bio2,library_marina
author_marina1,author_marina1bio1,library_marina
author_marina2,author_marina2bio2,library_marina
author_marina1,author_marina1bio1,library_marina
author_marina2,author_marina2bio2,library_marina
author_ana1,author_ana1bio1,library_ana
author_ana2,author_ana2bio2,library_ana
author_marina1,author_marina1bio1,library_marina
author_marina2,author_marina2bio2,library_marina
author_ana1,author_ana1bio1,library_ana
author_ana2,author_ana2bio2,library_ana
author_marina1,author_marina1bio1,library_marina
author_marina2,author_marina2bio2,library_marina
author_marina1,author_marina1bio1,library_marina
author_marina2,author_marina2bio2,library_marina
author_marina1,author_marina1bio1,library_marina
author_marina2,author_marina2bio2,library_marina
author_marina1,author_marina1bio1,library_marina
author_marina2,author_marina2bio2,library_marina
author_marina1,author_marina1bio1,library_marina
author_marina2,author_marina2bio2,library_marina
author_marina1,author_marina1bio1,library_marina
author_marina2,author_marina2bio2,library_marina
author_marina1,author_marina1bio1,library_marina
author_marina2,author_marina2bio2,library_marina
author_marina1,author_marina1bio1,library_marina
author_marina2,author_marina2bio2,library_marina
author_marina1,author_marina1bio1,library_marina
author_marina2,author_marina2bio2,library_marina
author_marina1,author_marina1bio1,library_marina
author_marina2,author_marina2bio2,library_marina
